id,name,courtesy_name,style_name,dynasty_tier,dynasty_tiers,dynasty,birth_year,death_year,index_year,category,degree
13,晁補之,旡咎、無咎,歸來子、濟北,宋,宋,宋,1049,1106,1049,文學家,25
217,張方平,安道,樂全居士,宋,宋,宋,1007,1091,1007,文學家,42
630,韓琦,稚圭,贛叟,宋,宋,宋,1008,1075,1008,文學家,65
669,韓元吉,旡咎,南澗,宋,宋,宋,1118,1187,1118,文學家,39
1384,歐陽修,永叔,六一居士、醉翁,宋,宋,宋,1007,1072,1007,文學家,139
1488,司馬光,君實,涑水先生、迂叟、迂夫,宋,宋,宋,1019,1086,1019,文學家,114
1649,蔡京,元長,,宋,宋,宋,1047,1126,1047,政治家,6
1762,王安石,介甫,半山老人,宋,宋,宋,1021,1086,1021,文學家,85
2022,楊時,中立、行可,龜山先生,宋,宋,宋,1053,1135,1053,文學家,48
3075,陳亮,同父、同甫,龍川,宋,宋,宋,1143,1194,1143,文學家,57
3257,朱熹,仲晦、元晦,晦庵、晦翁、滄洲病叟、紫陽、考亭、遯翁、雲谷老人,宋,宋,宋,1130,1200,1130,文學家,265
3332,韓愈,退之,,隋唐,隋唐,唐,768,825,768,文學家,53
3595,劉克莊,潛夫,後村、後村居士,宋,宋、元,宋,1187,1269,1187,文學家,69
3605,柳宗元,子厚,,隋唐,隋唐,唐,773,819,773,文學家,31
3624,樓鑰,啓伯、大防,攻媿主人,宋,宋,宋,1137,1213,1137,文學家,97
3632,陸九淵,子靜,象山、象山先生、象山翁,宋,宋,宋,1139,1192,1139,文學家,44
3640,陸游,務觀,放翁、龜堂老人,宋,宋,宋,1125,1209,1125,文學家,74
3767,蘇軾,子瞻,東坡居士,宋,宋,宋,1036,1101,1036,文學家,159
3888,鄒浩,志全、志完、至完,道鄉先生,宋,宋,宋,1060,1111,1060,文學家,54
3915,杜甫,子美,少陵野老、杜陵布衣,隋唐,隋唐,唐,712,770,712,文學家,33
4001,魏了翁,華父,師立齋、白鶴山人、自菴、願豐亭、鶴山,宋,宋、元,宋,1178,1237,1178,文學家,72
7026,范祖禹,夢得、淳夫、純父、純甫,,宋,宋,宋,1041,1098,1041,文學家,39
7055,呂祖謙,伯恭,東萊先生,宋,宋,宋,1137,1181,1137,文學家,125
7111,黃庭堅,魯直,山谷、涪翁,宋,宋,宋,1045,1105,1045,文學家,89
7164,張栻,敬夫、欽夫,南軒、南軒先生,宋,宋,宋,1133,1180,1133,文學家,117
7197,周必大,子充、洪道,平園老叟、省齋居士,宋,宋,宋,1126,1204,1126,文學家,135
7343,孫覿,仲益,鴻慶居士,宋,宋,宋,1081,1169,1081,文學家,24
7364,曾鞏,子固,南豐先生,宋,宋,宋,1019,1083,1019,文學家,48
8008,秦檜,會之,,宋,宋,宋,1090,1155,1090,文學家,22
8043,范仲淹,希文,龍圖老子,宋,宋,宋,989,1052,989,文學家,115
8078,李綱,伯紀,梁溪,宋,宋,宋,1083,1140,1083,文學家,62
8116,蘇頌,子容,,宋,宋,宋,1020,1101,1020,文學家,28
10084,吳澄,幼清,草廬先生,元,元、宋,元,1249,1333,1249,文學家,95
10097,宋濂,景濂,溫樹、潛溪、龍門子,明,明、元,明,1310,1381,1310,文學家,102
10258,真德秀,希元、景元、景希,西山、西山先生,宋,宋、元,宋,1178,1235,1178,文學家,114
10289,袁燮,和叔,絜齋、絜齋先生,宋,宋,宋,1144,1224,1144,文學家,54
10389,袁桷,伯長,,元,元、宋,元,1266,1327,1266,文學家,58
10565,胡銓,邦衡,澹庵,宋,宋,宋,1102,1180,1102,文學家,60
10566,楊萬里,廷秀,誠齋先生,宋,宋,宋,1127,1206,1127,文學家,90
10585,陳傅良,君舉,止齋,宋,宋,宋,1137,1203,1137,文學家,52
10598,王十朋,龜齡,梅溪,宋,宋,宋,1112,1171,1112,文學家,44
10706,王柏,伯會、會之,長嘯、魯齋,宋,宋、元,宋,1197,1274,1197,文學家,31
10726,王褘,子充,華川,明,明、元,明,1322,1373,1322,文學家,46
10740,黃溍,晉卿,,元,元、宋,元,1277,1357,1277,文學家,91
10749,葉適,正則,水心先生,宋,宋,宋,1150,1223,1150,文學家,66
10792,蘇天爵,伯修,,元,元,元,1294,1352,1294,文學家,68
10801,虞集,伯生,邵庵,元,元、宋,元,1272,1348,1272,文學家,126
10815,歐陽玄,原功,圭齋,元,元,元,1283,1357,1283,文學家,56
11134,黃榦,直卿,勉齋,宋,宋,宋,1152,1221,1152,文學家,45
11800,劉宰,平國,漫塘病叟,宋,宋、元,宋,1166,1239,1166,文學家,20
12087,楊維禎,廉夫,抱遺老人、東維子、鐵崖、鐵笛道人,元,元、明,元,1296,1370,1296,文學家,42
12253,蕭道成,,,魏晋南北朝,魏晋南北朝、秦汉,南齊,0,482,419,政治家,1
12367,楊儉,,,魏晋南北朝,魏晋南北朝、秦汉,西魏,0,0,494,文學家,2
13060,李世民（唐太宗）,,,隋唐,隋唐,唐,598,649,598,文學家,8
13575,張籍,文昌,,隋唐,隋唐,唐,766,830,766,文學家,24
13624,權德輿,載之,,隋唐,隋唐,唐,761,818,761,文學家,16
15887,孔丘,,,春秋战国,春秋战国,漢前,-551,-479,-551,學者,2
16428,狄黑,,,春秋战国,春秋战国、秦汉,漢前,0,0,0,學者,2
16622,劉邦,,,秦汉,秦汉、春秋战国,西漢,-256,-195,-256,政治家,2
17029,方干,雄飛,玄英處士,隋唐,隋唐,唐,809,888,809,文學家,12
17364,管仲,,,春秋战国,春秋战国、秦汉,漢前,0,0,0,文人,1
17389,鮑叔牙,,,春秋战国,春秋战国、秦汉,漢前,0,0,0,文人,1
17690,趙孟頫,子昂,三寶弟子、在家道人、天水松雪翁、天水王孫、太上弟子、敢死軍醫人、昂翁、松雪道人、松雪齋、水晶宮道人、水精宫道人、甲寅人、趙吳興、趙學士、趙承旨、趙松雪、趙榮祿、趙王孫、趙集賢、趙魏國、趙鷗波、鷗波,元,元、宋,元,1254,1322,1254,文學家,83
17851,唐厲,,,秦汉,秦汉,西漢,0,0,0,政治家,2
19123,文天祥,天祥、宋瑞、宋端、履善,文山,宋,宋、元,宋,1236,1283,1236,文學家,24
19244,李隆基（唐玄宗）,,,隋唐,隋唐,唐,685,762,685,文學家,22
20608,孫策,,,秦汉,秦汉,東漢,175,200,175,政治家,2
20609,孫權,,,魏晋南北朝,魏晋南北朝、秦汉,三國吳,182,252,182,政治家,4
20613,丁覽,,,魏晋南北朝,魏晋南北朝、秦汉,三國吳,0,0,0,政治家,2
21194,杜牧,牧之,,隋唐,隋唐,唐,803,853,803,文學家,10
21205,司馬孚,,,魏晋南北朝,魏晋南北朝、秦汉,三國魏,0,0,180,文人,1
21906,董仲舒,,,秦汉,秦汉,西漢,-179,-104,-179,學者,4
24412,李商隱,義山,,隋唐,隋唐,唐,813,858,813,文學家,10
24554,林俊,大用、待用,見素、雲莊,明,明,明,1452,1527,1452,文學家,24
24654,武元衡,伯蒼,,隋唐,隋唐,唐,758,815,758,文學家,20
24677,馬融,,,秦汉,秦汉,東漢,79,166,79,文人,1
25403,諸葛亮,,,魏晋南北朝,魏晋南北朝、秦汉,三國蜀,181,234,181,政治家,2
25793,王羲之,逸少,王右軍,魏晋南北朝,魏晋南北朝,東晉,321,379,321,文化名人,2
27318,蔣琬,,,魏晋南北朝,魏晋南北朝、秦汉,三國蜀,0,245,182,政治家,2
27727,方回,囦甫、淵甫、萬里,紫陽山人、虛谷,元,元、宋,元,1227,1307,1227,文學家,66
27853,程鉅夫,,遠齋、雪樓,元,元、宋,元,1249,1318,1249,文學家,70
27954,揭傒斯,曼碩,,元,元、宋,元,1274,1344,1274,文學家,35
27957,吳師道,正傳,,元,元,元,1283,1344,1283,文學家,71
27965,鄭元祐,明德,尚左生,元,元,元,1292,1364,1292,文學家,35
27998,宋褧,顯夫,,元,元,元,1294,1346,1294,文學家,32
28015,劉岳申,高仲,申齋,元,元,元,1260,0,1260,文學家,16
28022,危素,太樸、雲林,雲林,明,明、元,明,1303,1372,1303,文學家,49
28143,柳貫,道傳,烏蜀山人,元,元、宋,元,1270,1342,1270,文學家,97
28306,戴表元,帥初、曾伯,,元,元、宋,元,1244,1310,1244,文學家,58
28410,王逢,原吉,席帽山人、最閒園丁,明,明、元,明,1319,1388,1319,文學家,20
28426,胡助,古愚、履信,純白道人,元,元、宋,元,1278,,1278,文學家,58
28460,貢師泰,泰甫,,元,元,元,1298,1362,1298,文學家,36
28543,許有壬,可用,,元,元,元,1287,1364,1287,文學家,24
28603,胡衹遹,紹開,紫山,元,元、宋,元,1227,1295,1227,文學家,23
28614,陳旅,衆仲,,元,元,元,1287,1342,1287,文學家,34
28617,王惲,仲謀,秋澗,元,元、宋,元,1227,1304,1227,文學家,32
28691,李東陽,貝之、賓之,西涯,明,明,明,1447,1516,1447,文學家,19
29602,程敏政,克勤,暖道、篁墩,明,明,明,1444,1499,1444,文學家,7
29613,阮瑀,,,魏晋南北朝,魏晋南北朝、秦汉,三國魏,0,212,149,文人,3
29615,阮籍,,,魏晋南北朝,魏晋南北朝、秦汉,西晉,210,263,210,文人,3
29653,阮元,伯元、芸臺、雲臺,九十九硯齋、儀鄭堂、八甎吟館、學海堂、定靜堂、定香亭、小琅環仙館、揅經室、文選樓、琅環僊館、白圭詩館、石墨書樓、研經室、秦華雙碑之館、積古齋、節性齋、萬柳堂、蝶夢園、詁經精舍、譜研齋、闕里阮孔經樓,清,清,清,1764,1849,1764,文人,4
29876,錢大昕,及之、晦之、曉徵,十駕齋、孱守齋、得自怡齋、潛研堂、竹汀、辛楣、餐柏齋,清,清,清,1728,1804,1728,文人,11
30080,紀昀,春帆、曉嵐,九十九觀齋、瑞杏軒、石雲、鏡煙堂、閱微草堂,清,清,清,1724,1805,1724,文人,9
30192,全祖望,紹衣、紹裔、阿補,孤山社、春草園、榭山、謝山、雙韭山房、鮚埼亭,清,清,清,1705,1755,1705,文學家,20
30239,錢謙益,受之,優曇室、半野堂、尚湖、尚湘、山滿樓、拂水山莊、明發堂、東澗老人、東澗遺老、榮木樓、津逮軒、燕譽堂、牧翁、牧齋、玉蕊軒、碧梧紅豆村莊、籛后人、紅樓山莊、紅豆山莊、絳雲樓、耦耕堂、芙蓉莊、蒙叟、虞山老民、雙梅景閣、雲上軒,清,清、明,清,1582,1664,1582,文學家,22
30240,馮夢禎,開之,快雪,明,明,明,1548,1605,1548,文學家,18
30257,曹操,,,秦汉,秦汉、魏晋南北朝,東漢,155,220,155,政治家,10
30261,曹丕,,,魏晋南北朝,魏晋南北朝、秦汉,三國魏,188,227,188,政治家,4
30267,劉協,,,秦汉,秦汉、魏晋南北朝,東漢,190,234,190,政治家,8
30270,曹植,子建,陳思王,魏晋南北朝,魏晋南北朝、秦汉,三國魏,192,232,192,文人,4
30281,伏完,,,秦汉,秦汉,東漢,0,0,0,政治家,6
30282,伏壽,,,秦汉,秦汉,東漢,0,0,0,政治家,6
30374,王守仁,伯安,何陋軒、君子亭、玩易窩、賓陽堂、陽明先生、陽明子,明,明,明,1472,1528,1472,文學家,45
30593,徐學謨,叔明、子言,太室山人,明,明,明,1521,1592,1521,文學家,18
30713,黃宗羲,太冲、德冰,南雷、梨洲、梨洲先生、續鈔堂,清,清、明,清,1610,1695,1610,文學家,11
30851,高適,達夫,,隋唐,隋唐,唐,700,765,700,文學家,12
31407,張說,說之、道濟,,隋唐,隋唐,唐,667,731,667,文學家,4
31874,裴順宗,,,魏晋南北朝,魏晋南北朝、秦汉,南齊,0,0,408,政治家,1
31974,裴澄,,,魏晋南北朝,魏晋南北朝、秦汉,北魏,0,0,466,文學家,2
32174,王維,摩詰,,隋唐,隋唐,唐,700,761,700,文學家,12
32227,白居易,樂天,香山居士,隋唐,隋唐,唐,772,846,772,文學家,39
32248,元稹,威明、微之,,隋唐,隋唐,唐,779,831,779,文學家,28
32540,李白,太白,酒仙翁、青蓮居士,隋唐,隋唐,唐,701,762,701,文學家,35
32583,岑參,,,隋唐,隋唐,唐,715,770,715,文學家,4
32822,韋應物,義博,,隋唐,隋唐,唐,737,,737,文學家,8
33468,倪瓚,元鎮,雲林,元,元、明,元,1301,1374,1301,文學家,11
33556,王昶,德甫、琴德、蘭泉,蘭泉先生、述庵,清,清,清,1724,1806,1724,文人,6
33566,劉長卿,文房,,隋唐,隋唐,唐,,790,727,文學家,10
33606,劉禹錫,夢得,,隋唐,隋唐,唐,772,842,772,文學家,36
33652,張昭,,,秦汉,秦汉、魏晋南北朝,東漢,156,236,156,政治家,2
33662,陸遜,,,魏晋南北朝,魏晋南北朝、秦汉,三國吳,184,246,184,政治家,2
33848,翁方綱,正三,三漢畫齋、三萬卷齋、兩香谷園、兩香齋、卣研齋、培下山房、寶蘇室、小知大年之室、小石亭、小石帆亭、小蓬萊閣、嵩陽真蹟之齋、彜齋、復初齋、晉觀堂、有鄰研齋、松竹雙淸書屋、石墨樓、綠硯齋、蘇米齋、蘇齋、蘭盟書屋、覃溪、詩境軒、通志堂,清,清,清,1733,1818,1733,文人,7
33860,呂柟,仲木,涇野,明,明,明,1479,1542,1479,文學家,20
33879,毛奇齡,初晴、士方、大可、齊于,僧開、晚晴、河右、河右僧、秋晴、西河、開秋,清,清、明,清,1623,1716,1623,文學家,8
34252,顧炎武,寧人、忠淸,亭林、蔣山傭,清,清、明,清,1613,1682,1613,文學家,5
34493,王直,行儉,抑菴,明,明,明,1379,1462,1379,文學家,10
34532,章懋,德懋,戇夫、楓山、楓山先生、楓木庵、瀔濱遺老、闇然子、闇然翁,明,明,明,1436,1521,1436,文學家,20
34649,崔銑,仲鳬、子鍾,少石、後渠、後渠先生、洹野,明,明,明,1478,1541,1478,文學家,10
34702,羅洪先,達夫,念菴,明,明,明,1504,1564,1504,文學家,20
34717,王世貞,元美,弇州山人、鳳洲,明,明,明,1526,1590,1526,文學家,46
34747,鄒元標,爾瞻,南皐、南皐先生、南臯,明,明,明,1551,1624,1551,文學家,30
34926,沈壽民,眉生、耕岩,耕巖,清,清、明,清,1607,1675,1607,文學家,8
35063,王士禎,子真、貽上,信古堂、半偈閣、古夫子亭、帶經堂、得樹堂、慎墨堂、抱山堂、樵唱軒、池北書庫、淸寤齋、漁洋山人、睡足軒、石帆亭、落箋堂、蠶尾山房、阮亭,清,清、明,清,1634,1711,1634,文學家,4
35141,姚燧,端甫,牧庵,元,元、宋,元,1238,1313,1238,文學家,14
54115,袁枚,子才、簡齋,倉山雲舍、存齋、小倉山房、小眠齋、所好軒、碧腴齋、綠曉閣、綠靜軒、隨園、隨園老人,清,清,清,1716,1797,1716,文人,1
56535,姚希孟,孟長,吳中三孟、現聞、閏生道人,明,明,明,1579,1636,1579,文學家,6
65933,戴震,慎修、東原,杲谿,清,清,清,1723,1777,1723,文人,8
66032,朱彜尊,秀鬯、錫鬯,南書房舊講官、古藤書屋、夕陽芳草村落、娛老軒、小長蘆釣魚師、惸獨叟、新儒齋、新愞齋、曝書亭、棗香書屋、潛采堂、石樓、竹垞、茶煙閣、藕蕩漁人、藤花書屋、醧舫、醧舫齋、金風亭長、靜志居、鷗舫,清,清、明,清,1629,1709,1629,文學家,4
66729,楊寓,士奇,東里、西陽先生,明,明、元,明,1364,1444,1364,文學家,8
68547,徐階,子升,存齋、少湖,明,明,明,1503,1583,1503,文學家,46
69011,張居正,叔大、時大,太岳、太嶽、純忠堂,明,明,明,1525,1582,1525,文學家,20
92047,王建,仲初,,隋唐,隋唐,唐,766,,766,文學家,19
92328,盧綸,允言,,隋唐,隋唐,唐,,,747,文學家,6
92743,許渾,仲誨、用誨,,隋唐,隋唐,唐,791,,791,文學家,10
93103,李端,正己,,隋唐,隋唐,唐,,786,723,文學家,10
93476,張祜,承吉,,隋唐,隋唐,唐,792,853,792,文學家,14
93608,陳叔達,子聰,,魏晋南北朝,魏晋南北朝、隋唐,陳,,635,572,文學家,2
93832,鄭谷,守愚,,隋唐,隋唐,唐,851,,851,文學家,12
93952,孟郊,東野,,隋唐,隋唐,唐,751,814,751,文學家,22
94109,皇甫冉,茂政,,隋唐,隋唐,唐,717,770,717,文學家,14
94160,姚合,大凝,,隋唐,隋唐,唐,781,846,781,文學家,17
94183,釋貫休,德隱,,隋唐,隋唐,唐,832,912,832,文學家,16
94227,賈島,浪仙、閬仙,,隋唐,隋唐,唐,779,843,779,文學家,23
94271,錢起,仲文,,隋唐,隋唐,唐,710,782,710,文學家,12
94595,釋皎然,淸晝,,隋唐,隋唐,唐,,,,文學家,14
99984,歐陽德,崇一,南野,明,明,明,1496,1554,1496,文學家,34
123973,申時行,汝默,休休居士、瑤泉、蘇菴主人,明,明,明,1535,1614,1535,文學家,16
127987,李維楨,本寍、本寧,士安、翼軒,明,明,明,1547,1626,1547,文學家,20
128983,姜寶,廷善、惟善,鳳阿,明,明,明,1514,1593,1514,文學家,30
131191,湛若水,元明、元易,增城先生、甘泉、甘泉先生,明,明,明,1466,1560,1466,文學家,35
131392,黃承玄,履常,與參,明,明,明,,,1556,文學家,6
131951,葉向高,進卿,臺山,明,明,明,1559,1627,1559,文學家,10
134598,王霸,,,秦汉,秦汉,秦漢,,,,文人,1
134599,令狐子伯,,,秦汉,秦汉,秦漢,,,,文人,1
134611,張雨,,,秦汉,秦汉,東漢,,,,文化名人,2
134628,某氏(恭伯姬傅母),,,春秋战国,春秋战国,漢前,,,,名門士族,2
134865,衛鑠,,,魏晋南北朝,魏晋南北朝,東晉,272,349,272,文化名人,2
135502,姬氏(子瑕妻),,,春秋战国,春秋战国,漢前,,,,名門士族,2
146237,戴叔倫,幼公、次公,,隋唐,隋唐,唐,732,789,732,文學家,16
339321,謝夷吾,堯卿,,秦汉,秦汉,秦漢,,,,文化名人,2
339324,紫玉,,,春秋战国,春秋战国,漢前,,,,政治家,2
339325,韓重,,,春秋战国,春秋战国,漢前,,,,政治家,2
439186,嵇康,叔夜,嵇中散,魏晋南北朝,魏晋南北朝,三國,224,263,224,文人,1
439189,許慎,叔重,許洨長、許祭酒,秦汉,秦汉,秦漢,30,124,30,學者,7
511101,呂步舒,,,秦汉,秦汉,西漢,,,,學者,2
511181,孟生,,,秦汉,秦汉,秦漢,,,,學者,2
511209,尹珍,,,秦汉,秦汉,秦漢,,,,學者,2
511397,李喜,,,秦汉,秦汉,秦漢,,,,學者,2
511502,段仲溫,,,秦汉,秦汉,西漢,,,,學者,2
